place_id,game_name,region_id,real_place,real_place_wikidata,prefecture_code,lat,lon,confidence,source_url,other_sources,source_groups,notes
celadon_city,Celadon City,kanto,Shinjuku,Q179645,JP-13,35.693888888,139.703416666,teoría de fans,https://www.thegamer.com/pokemon-kanto-locations-visit-real-world/,,valnet,
cerulean_city,Cerulean City,kanto,Tsuchiura,Q653446,JP-08,36.078277777,140.2045,teoría de fans,https://www.thegamer.com/pokemon-kanto-locations-visit-real-world/,,valnet,
cinnabar_island,Cinnabar Island,kanto,Izu Ōshima,Q1070580,JP-13,34.738611111,139.399444444,teoría de fans,https://www.thegamer.com/pokemon-kanto-locations-visit-real-world/,https://gamerant.com/generation-1-pokemon-locations-based-on-real-places/,valnet,
fuchsia_city,Fuchsia City,kanto,Tateyama,Q646755,JP-12,34.996583333,139.869972222,teoría de fans,https://www.thegamer.com/pokemon-kanto-locations-visit-real-world/,https://gamerant.com/generation-1-pokemon-locations-based-on-real-places/,valnet,
lavender_town,Lavender Town,kanto,Narita,Q273798,JP-12,35.776666666,140.318333333,teoría de fans,https://www.thegamer.com/pokemon-kanto-locations-visit-real-world/,,valnet,
pallet_town,Pallet Town,kanto,Machida,Q210628,JP-13,35.546666666,139.438611111,teoría de fans,https://gamerant.com/generation-1-pokemon-locations-based-on-real-places/,https://www.cbr.com/pokemon-regions-real-world-influences/,valnet,
pewter_city,Pewter City,kanto,Maebashi,Q201613,JP-10,36.3895,139.063444444,teoría de fans,https://www.thegamer.com/pokemon-kanto-locations-visit-real-world/,,valnet,
saffron_city,Saffron City,kanto,Marunouchi (Tokio),Q1196955,JP-13,35.681388888,139.765833333,teoría de fans,https://www.thegamer.com/pokemon-kanto-locations-visit-real-world/,,valnet,
vermilion_city,Vermilion City,kanto,Yokohama,Q38283,JP-14,35.450333333,139.634222222,teoría de fans,https://www.thegamer.com/pokemon-kanto-locations-visit-real-world/,,valnet,
viridian_city,Viridian City,kanto,Hakone,Q671040,JP-14,35.232361111,139.106944444,teoría de fans,https://www.thegamer.com/pokemon-kanto-locations-visit-real-world/,,valnet,
azalea_town,Azalea Town,johto,Minabe,Q1345966,JP-30,33.772361111,135.321527777,teoría de fans,https://www.thegamer.com/pokemon-johto-locations-visit-real-world/,,valnet,
blackthorn_city,Blackthorn City,johto,Kai,Q577309,JP-19,35.660805555,138.515777777,teoría de fans,https://www.thegamer.com/pokemon-johto-locations-visit-real-world/,,valnet,
cianwood_city,Cianwood City,johto,Naruto,Q460812,JP-36,34.172583333,134.608777777,ampliamente aceptada,https://x.com/Junichi_Masuda/status/127388900502147073,https://www.thegamer.com/pokemon-johto-locations-visit-real-world/,oficial valnet,"Oficial a nivel isla: Masuda dice que Tanba (Cianwood) es Shikoku. La ciudad, Naruto, sale de prensa."
ecruteak_city,Ecruteak City,johto,Kioto,Q34600,JP-26,35.011611111,135.768111111,teoría de fans,https://www.thegamer.com/pokemon-johto-locations-visit-real-world/,https://www.cbr.com/pokemon-regions-real-world-influences/ https://gamerant.com/generation-2-pokemon-locations-based-on-real-places/,valnet,
goldenrod_city,Goldenrod City,johto,Osaka,Q35765,JP-27,34.69375,135.502111111,teoría de fans,https://www.thegamer.com/pokemon-johto-locations-visit-real-world/,https://www.cbr.com/pokemon-regions-real-world-influences/ https://gamerant.com/generation-2-pokemon-locations-based-on-real-places/,valnet,
lake_of_rage,Lake of Rage,johto,Lago Biwa,Q200239,JP-25,35.255,136.08,ampliamente aceptada,https://www.wikidata.org/wiki/Q3825831#P144,https://gamerant.com/generation-2-pokemon-locations-based-on-real-places/,valnet wikidata,
mahogany_town,Mahogany Town,johto,Kōka,Q847584,JP-25,34.966083333,136.166305555,teoría de fans,https://www.thegamer.com/pokemon-johto-locations-visit-real-world/,,valnet,
new_bark_town,New Bark Town,johto,Shizuoka,Q174691,JP-22,34.975555555,138.3825,teoría de fans,https://www.thegamer.com/pokemon-johto-locations-visit-real-world/,,valnet,
olivine_city,Olivine City,johto,Kobe,Q48320,JP-28,34.690166666,135.195444444,teoría de fans,https://www.thegamer.com/pokemon-johto-locations-visit-real-world/,,valnet,
violet_city,Violet City,johto,Nara,Q169134,JP-29,34.685,135.804777777,teoría de fans,https://www.thegamer.com/pokemon-johto-locations-visit-real-world/,,valnet,
dewford_town,Dewford Town,hoenn,Tsushima,Q52051,JP-42,34.416666666,129.333333333,ampliamente aceptada,https://www.wikidata.org/wiki/Q15132935#P144,https://www.thegamer.com/pokemon-hoenn-locations-visit-real-world/,valnet wikidata,
ever_grande_city,Ever Grande City,hoenn,Okinawa,Q600614,JP-47,26.483333333,127.95,ampliamente aceptada,https://www.wikidata.org/wiki/Q3801952#P144,https://www.thegamer.com/pokemon-hoenn-locations-visit-real-world/ https://www.cbr.com/pokemon-regions-real-world-influences/,valnet wikidata,
fortree_city,Fortree City,hoenn,Kobayashi,Q861283,JP-45,31.996722222,130.972583333,teoría de fans,https://www.thegamer.com/pokemon-hoenn-locations-visit-real-world/,,valnet,
lavaridge_town,Lavaridge Town,hoenn,Aso,Q733681,JP-43,32.952055555,131.121277777,teoría de fans,https://www.thegamer.com/pokemon-hoenn-locations-visit-real-world/,https://www.thegamer.com/places-visit-inspired-pokemon-cities/,valnet,Las dos fuentes son del mismo medio (TheGamer).
littleroot_town,Littleroot Town,hoenn,Imari,Q857266,JP-41,33.26475,129.880805555,teoría de fans,https://www.thegamer.com/pokemon-hoenn-locations-visit-real-world/,,valnet,
mossdeep_city,Mossdeep City,hoenn,Tanegashima,Q696228,JP-46,30.573888888,130.981111111,ampliamente aceptada,https://www.wikidata.org/wiki/Q15132961#P144,https://www.thegamer.com/pokemon-hoenn-locations-visit-real-world/,valnet wikidata,
petalburg_city,Petalburg City,hoenn,Fukuoka,Q26600,JP-40,33.590138888,130.401722222,teoría de fans,https://www.thegamer.com/pokemon-hoenn-locations-visit-real-world/,,valnet,
rustboro_city,Rustboro City,hoenn,Kitakyūshū,Q188806,JP-40,33.883416666,130.875194444,teoría de fans,https://www.thegamer.com/pokemon-hoenn-locations-visit-real-world/,,valnet,
slateport_city,Slateport City,hoenn,Nagasaki,Q38234,JP-42,32.749527777,129.879638888,teoría de fans,https://www.thegamer.com/pokemon-hoenn-locations-visit-real-world/,,valnet,
sootopolis_city,Sootopolis City,hoenn,Yakushima,Q242176,JP-46,30.358611111,130.528611111,ampliamente aceptada,https://www.wikidata.org/wiki/Q3664395#P144,https://www.thegamer.com/pokemon-hoenn-locations-visit-real-world/,valnet wikidata,
canalave_city,Canalave City,sinnoh,Otaru,Q242108,JP-01,43.190722222,140.994361111,teoría de fans,https://www.thegamer.com/pokemon-sinnoh-locations-visit-real-world/,,valnet,
eterna_city,Eterna City,sinnoh,Asahikawa,Q200740,JP-01,43.770638888,142.365,teoría de fans,https://www.thegamer.com/pokemon-sinnoh-locations-visit-real-world/,,valnet,
hearthome_city,Hearthome City,sinnoh,Obihiro,Q177149,JP-01,42.923972222,143.196111111,teoría de fans,https://www.thegamer.com/pokemon-sinnoh-locations-visit-real-world/,,valnet,La fuente misma lo da como especulativo.
jubilife_city,Jubilife City,sinnoh,Sapporo,Q37951,JP-01,43.061944444,141.354444444,teoría de fans,https://www.thegamer.com/pokemon-sinnoh-locations-visit-real-world/,https://www.cbr.com/pokemon-regions-real-world-influences/,valnet,
oreburgh_city,Oreburgh City,sinnoh,Yūbari,Q637145,JP-01,43.05675,141.973888888,teoría de fans,https://www.thegamer.com/pokemon-sinnoh-locations-visit-real-world/,,valnet,
pastoria_city,Pastoria City,sinnoh,Kushiro,Q271917,JP-01,42.984888888,144.381722222,teoría de fans,https://www.thegamer.com/pokemon-sinnoh-locations-visit-real-world/,,valnet,
snowpoint_city,Snowpoint City,sinnoh,Wakkanai,Q267894,JP-01,45.415638888,141.673083333,teoría de fans,https://www.thegamer.com/pokemon-sinnoh-locations-visit-real-world/,,valnet,
sunyshore_city,Sunyshore City,sinnoh,Nemuro,Q502205,JP-01,43.330083333,145.582861111,teoría de fans,https://www.thegamer.com/pokemon-sinnoh-locations-visit-real-world/,,valnet,
twinleaf_town,Twinleaf Town,sinnoh,Noboribetsu,Q428989,JP-01,42.41275,141.106583333,teoría de fans,https://www.thegamer.com/pokemon-sinnoh-locations-visit-real-world/,,valnet,
veilstone_city,Veilstone City,sinnoh,Abashiri,Q305640,JP-01,44.020638888,144.273555555,teoría de fans,https://www.thegamer.com/pokemon-sinnoh-locations-visit-real-world/,,valnet,
