line_id,line_name_ja,kind,operator,seq,station_name_ja,source_url,other_sources,as_of
tokaido,東海道新幹線,full,JR東海,1,東京,https://railway.jr-central.co.jp/station-guide/,,2026-10
tokaido,東海道新幹線,full,JR東海,2,品川,https://railway.jr-central.co.jp/station-guide/,,2026-10
tokaido,東海道新幹線,full,JR東海,3,新横浜,https://railway.jr-central.co.jp/station-guide/,,2026-10
tokaido,東海道新幹線,full,JR東海,4,小田原,https://railway.jr-central.co.jp/station-guide/,,2026-10
tokaido,東海道新幹線,full,JR東海,5,熱海,https://railway.jr-central.co.jp/station-guide/,,2026-10
tokaido,東海道新幹線,full,JR東海,6,三島,https://railway.jr-central.co.jp/station-guide/,,2026-10
tokaido,東海道新幹線,full,JR東海,7,新富士,https://railway.jr-central.co.jp/station-guide/,,2026-10
tokaido,東海道新幹線,full,JR東海,8,静岡,https://railway.jr-central.co.jp/station-guide/,,2026-10
tokaido,東海道新幹線,full,JR東海,9,掛川,https://railway.jr-central.co.jp/station-guide/,,2026-10
tokaido,東海道新幹線,full,JR東海,10,浜松,https://railway.jr-central.co.jp/station-guide/,,2026-10
tokaido,東海道新幹線,full,JR東海,11,豊橋,https://railway.jr-central.co.jp/station-guide/,,2026-10
tokaido,東海道新幹線,full,JR東海,12,三河安城,https://railway.jr-central.co.jp/station-guide/,,2026-10
tokaido,東海道新幹線,full,JR東海,13,名古屋,https://railway.jr-central.co.jp/station-guide/,,2026-10
tokaido,東海道新幹線,full,JR東海,14,岐阜羽島,https://railway.jr-central.co.jp/station-guide/,,2026-10
tokaido,東海道新幹線,full,JR東海,15,米原,https://railway.jr-central.co.jp/station-guide/,,2026-10
tokaido,東海道新幹線,full,JR東海,16,京都,https://railway.jr-central.co.jp/station-guide/,,2026-10
tokaido,東海道新幹線,full,JR東海,17,新大阪,https://railway.jr-central.co.jp/station-guide/,,2026-10
sanyo,山陽新幹線,full,JR西日本,1,新大阪,https://www.jr-odekake.net/railroad/shinkansen/,,2026-10
sanyo,山陽新幹線,full,JR西日本,2,新神戸,https://www.jr-odekake.net/railroad/shinkansen/,,2026-10
sanyo,山陽新幹線,full,JR西日本,3,西明石,https://www.jr-odekake.net/railroad/shinkansen/,,2026-10
sanyo,山陽新幹線,full,JR西日本,4,姫路,https://www.jr-odekake.net/railroad/shinkansen/,,2026-10
sanyo,山陽新幹線,full,JR西日本,5,相生,https://www.jr-odekake.net/railroad/shinkansen/,,2026-10
sanyo,山陽新幹線,full,JR西日本,6,岡山,https://www.jr-odekake.net/railroad/shinkansen/,,2026-10
sanyo,山陽新幹線,full,JR西日本,7,新倉敷,https://www.jr-odekake.net/railroad/shinkansen/,,2026-10
sanyo,山陽新幹線,full,JR西日本,8,福山,https://www.jr-odekake.net/railroad/shinkansen/,,2026-10
sanyo,山陽新幹線,full,JR西日本,9,新尾道,https://www.jr-odekake.net/railroad/shinkansen/,,2026-10
sanyo,山陽新幹線,full,JR西日本,10,三原,https://www.jr-odekake.net/railroad/shinkansen/,,2026-10
sanyo,山陽新幹線,full,JR西日本,11,東広島,https://www.jr-odekake.net/railroad/shinkansen/,,2026-10
sanyo,山陽新幹線,full,JR西日本,12,広島,https://www.jr-odekake.net/railroad/shinkansen/,,2026-10
sanyo,山陽新幹線,full,JR西日本,13,新岩国,https://www.jr-odekake.net/railroad/shinkansen/,,2026-10
sanyo,山陽新幹線,full,JR西日本,14,徳山,https://www.jr-odekake.net/railroad/shinkansen/,,2026-10
sanyo,山陽新幹線,full,JR西日本,15,新山口,https://www.jr-odekake.net/railroad/shinkansen/,,2026-10
sanyo,山陽新幹線,full,JR西日本,16,厚狭,https://www.jr-odekake.net/railroad/shinkansen/,,2026-10
sanyo,山陽新幹線,full,JR西日本,17,新下関,https://www.jr-odekake.net/railroad/shinkansen/,,2026-10
sanyo,山陽新幹線,full,JR西日本,18,小倉,https://www.jr-odekake.net/railroad/shinkansen/,,2026-10
sanyo,山陽新幹線,full,JR西日本,19,博多,https://www.jr-odekake.net/railroad/shinkansen/,,2026-10
kyushu,九州新幹線,full,JR九州,1,博多,https://www.jrkyushu.co.jp/railway/station/,,2026-10
kyushu,九州新幹線,full,JR九州,2,新鳥栖,https://www.jrkyushu.co.jp/railway/station/,,2026-10
kyushu,九州新幹線,full,JR九州,3,久留米,https://www.jrkyushu.co.jp/railway/station/,,2026-10
kyushu,九州新幹線,full,JR九州,4,筑後船小屋,https://www.jrkyushu.co.jp/railway/station/,,2026-10
kyushu,九州新幹線,full,JR九州,5,新大牟田,https://www.jrkyushu.co.jp/railway/station/,,2026-10
kyushu,九州新幹線,full,JR九州,6,新玉名,https://www.jrkyushu.co.jp/railway/station/,,2026-10
kyushu,九州新幹線,full,JR九州,7,熊本,https://www.jrkyushu.co.jp/railway/station/,,2026-10
kyushu,九州新幹線,full,JR九州,8,新八代,https://www.jrkyushu.co.jp/railway/station/,,2026-10
kyushu,九州新幹線,full,JR九州,9,新水俣,https://www.jrkyushu.co.jp/railway/station/,,2026-10
kyushu,九州新幹線,full,JR九州,10,出水,https://www.jrkyushu.co.jp/railway/station/,,2026-10
kyushu,九州新幹線,full,JR九州,11,川内,https://www.jrkyushu.co.jp/railway/station/,,2026-10
kyushu,九州新幹線,full,JR九州,12,鹿児島中央,https://www.jrkyushu.co.jp/railway/station/,,2026-10
nishikyushu,西九州新幹線,full,JR九州,1,武雄温泉,https://www.jrkyushu.co.jp/railway/station/,,2026-10
nishikyushu,西九州新幹線,full,JR九州,2,嬉野温泉,https://www.jrkyushu.co.jp/railway/station/,,2026-10
nishikyushu,西九州新幹線,full,JR九州,3,新大村,https://www.jrkyushu.co.jp/railway/station/,,2026-10
nishikyushu,西九州新幹線,full,JR九州,4,諫早,https://www.jrkyushu.co.jp/railway/station/,,2026-10
nishikyushu,西九州新幹線,full,JR九州,5,長崎,https://www.jrkyushu.co.jp/railway/station/,,2026-10
tohoku,東北新幹線,full,JR東日本,1,東京,https://event.jreast.co.jp/pages/tohoku_shinkansen_703,https://timetables.jreast.co.jp/2610/train/005/008271.html,2026-10
tohoku,東北新幹線,full,JR東日本,2,上野,https://event.jreast.co.jp/pages/tohoku_shinkansen_703,https://timetables.jreast.co.jp/2610/train/005/008271.html,2026-10
tohoku,東北新幹線,full,JR東日本,3,大宮,https://event.jreast.co.jp/pages/tohoku_shinkansen_703,https://timetables.jreast.co.jp/2610/train/005/008271.html,2026-10
tohoku,東北新幹線,full,JR東日本,4,小山,https://event.jreast.co.jp/pages/tohoku_shinkansen_703,https://timetables.jreast.co.jp/2610/train/005/008271.html,2026-10
tohoku,東北新幹線,full,JR東日本,5,宇都宮,https://event.jreast.co.jp/pages/tohoku_shinkansen_703,https://timetables.jreast.co.jp/2610/train/005/008271.html,2026-10
tohoku,東北新幹線,full,JR東日本,6,那須塩原,https://event.jreast.co.jp/pages/tohoku_shinkansen_703,https://timetables.jreast.co.jp/2610/train/005/008271.html,2026-10
tohoku,東北新幹線,full,JR東日本,7,新白河,https://event.jreast.co.jp/pages/tohoku_shinkansen_703,https://timetables.jreast.co.jp/2610/train/005/008271.html,2026-10
tohoku,東北新幹線,full,JR東日本,8,郡山,https://event.jreast.co.jp/pages/tohoku_shinkansen_703,https://timetables.jreast.co.jp/2610/train/005/008271.html,2026-10
tohoku,東北新幹線,full,JR東日本,9,福島,https://event.jreast.co.jp/pages/tohoku_shinkansen_703,https://timetables.jreast.co.jp/2610/train/005/008271.html,2026-10
tohoku,東北新幹線,full,JR東日本,10,白石蔵王,https://event.jreast.co.jp/pages/tohoku_shinkansen_703,https://timetables.jreast.co.jp/2610/train/005/008271.html,2026-10
tohoku,東北新幹線,full,JR東日本,11,仙台,https://event.jreast.co.jp/pages/tohoku_shinkansen_703,https://timetables.jreast.co.jp/2610/train/005/008271.html,2026-10
tohoku,東北新幹線,full,JR東日本,12,古川,https://event.jreast.co.jp/pages/tohoku_shinkansen_703,https://timetables.jreast.co.jp/2610/train/005/008271.html,2026-10
tohoku,東北新幹線,full,JR東日本,13,くりこま高原,https://event.jreast.co.jp/pages/tohoku_shinkansen_703,https://timetables.jreast.co.jp/2610/train/005/008271.html,2026-10
tohoku,東北新幹線,full,JR東日本,14,一ノ関,https://event.jreast.co.jp/pages/tohoku_shinkansen_703,https://timetables.jreast.co.jp/2610/train/005/008271.html,2026-10
tohoku,東北新幹線,full,JR東日本,15,水沢江刺,https://event.jreast.co.jp/pages/tohoku_shinkansen_703,https://timetables.jreast.co.jp/2610/train/005/008271.html,2026-10
tohoku,東北新幹線,full,JR東日本,16,北上,https://event.jreast.co.jp/pages/tohoku_shinkansen_703,https://timetables.jreast.co.jp/2610/train/005/008271.html,2026-10
tohoku,東北新幹線,full,JR東日本,17,新花巻,https://event.jreast.co.jp/pages/tohoku_shinkansen_703,https://timetables.jreast.co.jp/2610/train/005/008271.html,2026-10
tohoku,東北新幹線,full,JR東日本,18,盛岡,https://event.jreast.co.jp/pages/tohoku_shinkansen_703,https://timetables.jreast.co.jp/2610/train/005/008271.html,2026-10
tohoku,東北新幹線,full,JR東日本,19,いわて沼宮内,https://event.jreast.co.jp/pages/tohoku_shinkansen_703,https://timetables.jreast.co.jp/2610/train/005/008271.html,2026-10
tohoku,東北新幹線,full,JR東日本,20,二戸,https://event.jreast.co.jp/pages/tohoku_shinkansen_703,https://timetables.jreast.co.jp/2610/train/005/008271.html,2026-10
tohoku,東北新幹線,full,JR東日本,21,八戸,https://event.jreast.co.jp/pages/tohoku_shinkansen_703,https://timetables.jreast.co.jp/2610/train/005/008271.html,2026-10
tohoku,東北新幹線,full,JR東日本,22,七戸十和田,https://event.jreast.co.jp/pages/tohoku_shinkansen_703,https://timetables.jreast.co.jp/2610/train/005/008271.html,2026-10
tohoku,東北新幹線,full,JR東日本,23,新青森,https://event.jreast.co.jp/pages/tohoku_shinkansen_703,https://timetables.jreast.co.jp/2610/train/005/008271.html,2026-10
hokkaido,北海道新幹線,full,JR北海道,1,新青森,https://www.jrhokkaido.co.jp/corporate/shinkansen/index.html,,2026-10
hokkaido,北海道新幹線,full,JR北海道,2,奥津軽いまべつ,https://www.jrhokkaido.co.jp/corporate/shinkansen/index.html,,2026-10
hokkaido,北海道新幹線,full,JR北海道,3,木古内,https://www.jrhokkaido.co.jp/corporate/shinkansen/index.html,,2026-10
hokkaido,北海道新幹線,full,JR北海道,4,新函館北斗,https://www.jrhokkaido.co.jp/corporate/shinkansen/index.html,,2026-10
joetsu,上越新幹線,full,JR東日本,1,東京,https://media.jreast.co.jp/articles/2793,,2026-10
joetsu,上越新幹線,full,JR東日本,2,上野,https://media.jreast.co.jp/articles/2793,,2026-10
joetsu,上越新幹線,full,JR東日本,3,大宮,https://media.jreast.co.jp/articles/2793,,2026-10
joetsu,上越新幹線,full,JR東日本,4,熊谷,https://media.jreast.co.jp/articles/2793,,2026-10
joetsu,上越新幹線,full,JR東日本,5,本庄早稲田,https://media.jreast.co.jp/articles/2793,,2026-10
joetsu,上越新幹線,full,JR東日本,6,高崎,https://media.jreast.co.jp/articles/2793,,2026-10
joetsu,上越新幹線,full,JR東日本,7,上毛高原,https://media.jreast.co.jp/articles/2793,,2026-10
joetsu,上越新幹線,full,JR東日本,8,越後湯沢,https://media.jreast.co.jp/articles/2793,,2026-10
joetsu,上越新幹線,full,JR東日本,9,浦佐,https://media.jreast.co.jp/articles/2793,,2026-10
joetsu,上越新幹線,full,JR東日本,10,長岡,https://media.jreast.co.jp/articles/2793,,2026-10
joetsu,上越新幹線,full,JR東日本,11,燕三条,https://media.jreast.co.jp/articles/2793,,2026-10
joetsu,上越新幹線,full,JR東日本,12,新潟,https://media.jreast.co.jp/articles/2793,,2026-10
joetsu_gala,上越新幹線（ガーラ湯沢支線）,full,JR東日本,1,越後湯沢,https://media.jreast.co.jp/articles/2793,,2026-10
joetsu_gala,上越新幹線（ガーラ湯沢支線）,full,JR東日本,2,ガーラ湯沢,https://media.jreast.co.jp/articles/2793,,2026-10
hokuriku,北陸新幹線,full,JR東日本・JR西日本,1,東京,https://media.jreast.co.jp/articles/4850,,2026-10
hokuriku,北陸新幹線,full,JR東日本・JR西日本,2,上野,https://media.jreast.co.jp/articles/4850,,2026-10
hokuriku,北陸新幹線,full,JR東日本・JR西日本,3,大宮,https://media.jreast.co.jp/articles/4850,,2026-10
hokuriku,北陸新幹線,full,JR東日本・JR西日本,4,熊谷,https://media.jreast.co.jp/articles/4850,,2026-10
hokuriku,北陸新幹線,full,JR東日本・JR西日本,5,本庄早稲田,https://media.jreast.co.jp/articles/4850,,2026-10
hokuriku,北陸新幹線,full,JR東日本・JR西日本,6,高崎,https://media.jreast.co.jp/articles/4850,,2026-10
hokuriku,北陸新幹線,full,JR東日本・JR西日本,7,安中榛名,https://media.jreast.co.jp/articles/4850,,2026-10
hokuriku,北陸新幹線,full,JR東日本・JR西日本,8,軽井沢,https://media.jreast.co.jp/articles/4850,,2026-10
hokuriku,北陸新幹線,full,JR東日本・JR西日本,9,佐久平,https://media.jreast.co.jp/articles/4850,,2026-10
hokuriku,北陸新幹線,full,JR東日本・JR西日本,10,上田,https://media.jreast.co.jp/articles/4850,,2026-10
hokuriku,北陸新幹線,full,JR東日本・JR西日本,11,長野,https://media.jreast.co.jp/articles/4850,,2026-10
hokuriku,北陸新幹線,full,JR東日本・JR西日本,12,飯山,https://media.jreast.co.jp/articles/4850,,2026-10
hokuriku,北陸新幹線,full,JR東日本・JR西日本,13,上越妙高,https://media.jreast.co.jp/articles/4850,,2026-10
hokuriku,北陸新幹線,full,JR東日本・JR西日本,14,糸魚川,https://media.jreast.co.jp/articles/4850,,2026-10
hokuriku,北陸新幹線,full,JR東日本・JR西日本,15,黒部宇奈月温泉,https://media.jreast.co.jp/articles/4850,,2026-10
hokuriku,北陸新幹線,full,JR東日本・JR西日本,16,富山,https://media.jreast.co.jp/articles/4850,,2026-10
hokuriku,北陸新幹線,full,JR東日本・JR西日本,17,新高岡,https://media.jreast.co.jp/articles/4850,,2026-10
hokuriku,北陸新幹線,full,JR東日本・JR西日本,18,金沢,https://media.jreast.co.jp/articles/4850,,2026-10
hokuriku,北陸新幹線,full,JR東日本・JR西日本,19,小松,https://media.jreast.co.jp/articles/4850,,2026-10
hokuriku,北陸新幹線,full,JR東日本・JR西日本,20,加賀温泉,https://media.jreast.co.jp/articles/4850,,2026-10
hokuriku,北陸新幹線,full,JR東日本・JR西日本,21,芦原温泉,https://media.jreast.co.jp/articles/4850,,2026-10
hokuriku,北陸新幹線,full,JR東日本・JR西日本,22,福井,https://media.jreast.co.jp/articles/4850,,2026-10
hokuriku,北陸新幹線,full,JR東日本・JR西日本,23,越前たけふ,https://media.jreast.co.jp/articles/4850,,2026-10
hokuriku,北陸新幹線,full,JR東日本・JR西日本,24,敦賀,https://media.jreast.co.jp/articles/4850,,2026-10
akita,秋田新幹線,mini,JR東日本,1,盛岡,https://timetables.jreast.co.jp/2610/train/060/064581.html,,2026-10
akita,秋田新幹線,mini,JR東日本,2,雫石,https://timetables.jreast.co.jp/2610/train/060/064581.html,,2026-10
akita,秋田新幹線,mini,JR東日本,3,田沢湖,https://timetables.jreast.co.jp/2610/train/060/064581.html,,2026-10
akita,秋田新幹線,mini,JR東日本,4,角館,https://timetables.jreast.co.jp/2610/train/060/064581.html,,2026-10
akita,秋田新幹線,mini,JR東日本,5,大曲,https://timetables.jreast.co.jp/2610/train/060/064581.html,,2026-10
akita,秋田新幹線,mini,JR東日本,6,秋田,https://timetables.jreast.co.jp/2610/train/060/064581.html,,2026-10
yamagata,山形新幹線,mini,JR東日本,1,福島,https://timetables.jreast.co.jp/2610/train/020/022701.html,,2026-10
yamagata,山形新幹線,mini,JR東日本,2,米沢,https://timetables.jreast.co.jp/2610/train/020/022701.html,,2026-10
yamagata,山形新幹線,mini,JR東日本,3,高畠,https://timetables.jreast.co.jp/2610/train/020/022701.html,,2026-10
yamagata,山形新幹線,mini,JR東日本,4,赤湯,https://timetables.jreast.co.jp/2610/train/020/022701.html,,2026-10
yamagata,山形新幹線,mini,JR東日本,5,かみのやま温泉,https://timetables.jreast.co.jp/2610/train/020/022701.html,,2026-10
yamagata,山形新幹線,mini,JR東日本,6,山形,https://timetables.jreast.co.jp/2610/train/020/022701.html,,2026-10
yamagata,山形新幹線,mini,JR東日本,7,天童,https://timetables.jreast.co.jp/2610/train/020/022701.html,,2026-10
yamagata,山形新幹線,mini,JR東日本,8,さくらんぼ東根,https://timetables.jreast.co.jp/2610/train/020/022701.html,,2026-10
yamagata,山形新幹線,mini,JR東日本,9,村山,https://timetables.jreast.co.jp/2610/train/020/022701.html,,2026-10
yamagata,山形新幹線,mini,JR東日本,10,大石田,https://timetables.jreast.co.jp/2610/train/020/022701.html,,2026-10
yamagata,山形新幹線,mini,JR東日本,11,新庄,https://timetables.jreast.co.jp/2610/train/020/022701.html,,2026-10
